image_name,yaw,pitch,roll,Label
11 005.jpg,-2.049503088,-9.962429047,-0.052633785,Normal
11 006.jpg,-3.356969833,-10.16145515,0.992047191,Normal
11 007.jpg,-2.528460026,-9.611627579,1.009938598,Normal
11 008.jpg,-2.286364794,-9.68543148,0.297908813,Normal
11 015.jpg,-7.245448112,-7.970152855,0.622271717,Normal
11 019.jpg,-7.433616638,-6.817681313,-1.192228079,Normal
11 021.jpg,-0.316992253,-3.821190357,1.428485632,Normal
11 022.jpg,-7.976800442,-8.783979416,0.384778827,Normal
11 023.jpg,-8.016633987,-8.651532173,0.189965174,Normal
11 024.jpg,-7.880832672,-9.18526268,-0.204925656,Normal
11 028.jpg,0.729759097,-3.889236212,1.175741434,Normal
11 029.jpg,1.316192031,-4.060336113,1.134808183,Normal
11 031.jpg,-4.066900253,-8.462276459,-0.939664602,Normal
11 032.jpg,-3.675049782,-8.469247818,-0.521749973,Normal
11 034.jpg,1.877828598,-4.132770538,0.836950481,Normal
11 036.jpg,1.905857921,-4.28963089,1.134378314,Normal
11 044.jpg,-5.570134163,-4.306442261,4.541036606,Normal
11 046.jpg,1.370646954,-5.235990524,1.845944166,Normal
11 047.jpg,-0.2600981,-6.158429146,1.916781902,Normal
11 048.jpg,2.080509186,-5.421662807,1.124410748,Normal
11 049.jpg,1.730736256,-3.96995306,1.845099807,Normal
11 050.jpg,4.165448189,-9.891662598,-1.539959431,Normal
11 058.jpg,4.759755611,-9.707172394,-0.772678018,Normal
11 061.jpg,7.153119564,-10.7904911,-1.76930666,Normal
11 062.jpg,8.996925354,-11.04883957,-2.497787476,Normal
11 063.jpg,1.439804554,-6.250453949,1.39426136,Normal
11 065.jpg,3.210417271,-10.34036732,-0.261478841,Normal
11 067.jpg,-1.71275115,-9.95104599,1.428887248,Normal
11 068.jpg,2.338805676,-9.432748795,1.108708262,Normal
11 071.jpg,3.078254223,-5.323453426,1.236871243,Normal
11 072.jpg,4.424399376,-4.202935219,1.008274794,Normal
11 073.jpg,-7.734673977,-5.20194912,1.3662709,Normal
11 076.jpg,3.906715155,-3.431453228,1.158576012,Normal
11 078.jpg,2.715505362,-4.395906925,0.411155432,Normal
11 083.jpg,-7.521262646,-9.875993729,-0.198359773,Normal
11 084.jpg,-7.66009903,-10.14579582,-0.454936117,Normal
11 085.jpg,-6.798715591,-9.600401878,-0.950570107,Normal
11 086.jpg,0.847252071,-4.116760254,1.685719848,Normal
11 087.jpg,-6.321105957,-9.624193192,-1.146251202,Normal
11 095.jpg,-5.91343832,-9.831251144,-0.611858368,Normal
11 101.jpg,1.184579968,-6.285471916,1.009753704,Normal
11 102.jpg,1.466214895,-4.836755276,1.878755093,Normal
11 105.jpg,-9.499534607,-6.87525177,0.392649263,Normal
11 107.jpg,1.58829248,-4.30567646,1.886382818,Normal
11 108.jpg,1.360874414,-5.045109749,1.479801893,Normal
11 110.jpg,2.022410393,-5.252679348,1.556066275,Normal
11 111.jpg,2.162488937,-5.961803436,1.303618789,Normal
11 113.jpg,-4.029052734,-10.07620907,-2.299797058,Normal
11 114.jpg,-5.913591385,-9.927758217,-1.749011993,Normal
11 116.jpg,-7.430332184,-7.910270691,-0.216006845,Normal
11 117.jpg,2.275584221,-4.466359615,1.738781691,Normal
11 118.jpg,2.532601357,-4.707206249,1.736545444,Normal
11 119.jpg,2.459034204,-5.224443436,1.553890586,Normal
11 123.jpg,2.127826691,-5.530609131,1.176425219,Normal
11 125.jpg,1.980719924,-4.971975327,1.933767319,Normal
11 126.jpg,2.025397062,-5.122748375,1.751830935,Normal
11 128.jpg,1.730626106,-4.049566269,2.113926172,Normal
11 130.jpg,1.091558337,-5.267449379,2.2121768,Normal
11 131.jpg,0.824743748,-5.10957098,2.56965661,Normal
11 135.jpg,0.296671569,-6.711219788,1.189316511,Normal
11 137.jpg,1.048410416,-5.333641052,-0.078161202,Normal
11 139.jpg,-6.349039078,-13.42014217,-0.156213433,Normal
11 140.jpg,-7.368987083,-12.57729626,-0.316787988,Normal
11 142.jpg,-8.438901901,-12.96016979,-0.315034449,Normal
11 143.jpg,-7.689880371,-11.96689892,-0.361640334,Normal
11 145.jpg,-5.748257637,-10.64111519,-1.321023226,Normal
11 149.jpg,-9.099437714,-12.16082954,0.356694937,Normal
11 164.jpg,-6.047834396,-11.83882427,-0.808540225,Normal
11 168.jpg,1.080684423,-4.500608444,2.471829176,Normal
11 169.jpg,0.431049436,-10.21002388,-4.490406513,Normal
11 171.jpg,-0.388462424,-5.672224045,2.470837116,Normal
11 176.jpg,-8.468954086,-10.63055325,-0.757944942,Normal
11 177.jpg,-8.092734337,-10.1886158,-1.104791641,Normal
11 179.jpg,0.029377898,-4.974888802,2.542798519,Normal
11 180.jpg,-6.57151556,-10.1009922,-2.174423695,Normal
11 182.jpg,-5.569791317,-9.795732498,-1.902786732,Normal
11 183.jpg,-0.219640598,-7.197831631,2.172939301,Normal
11 184.jpg,-5.345433712,-9.419202805,-2.292614698,Normal
11 185.jpg,-5.146101952,-9.696274757,-2.488764524,Normal
11 187.jpg,-0.223834753,-5.584616661,2.803779125,Normal
11 192.jpg,-0.258076012,-5.967242718,2.869401455,Normal
11 193.jpg,-0.1773853,-5.605942726,2.393019676,Normal
11 194.jpg,0.01944991,-7.014964104,2.179271221,Normal
11 201.jpg,0.0518324,-7.049657345,2.467912674,Normal
11 202.jpg,-0.434923857,-5.83320713,2.919264793,Normal
11 206.jpg,-0.518505752,-7.282706261,2.045753002,Normal
11 207.jpg,-0.559749603,-7.078582764,2.326078415,Normal
11 208.jpg,-0.693718433,-6.863800049,2.369220734,Normal
11 210.jpg,-0.692899168,-7.599552155,2.413998127,Normal
11 215.jpg,-5.399067879,-10.47654724,-2.243638039,Normal
11 216.jpg,-5.302462578,-10.75029945,-1.777304888,Normal
11 217.jpg,-5.700346947,-10.25024605,-1.202940226,Normal
11 222.jpg,-1.023517609,-5.823834896,3.119214058,Normal
11 225.jpg,-1.107452273,-6.510416031,2.887941122,Normal
11 227.jpg,-7.317988396,-11.15576935,-1.804273129,Normal
11 229.jpg,-6.54974556,-10.6315937,-1.887958765,Normal
11 230.jpg,-0.740672827,-6.782529354,2.298958778,Normal
11 231.jpg,-6.78113699,-10.29658794,-1.946114302,Normal
11 232.jpg,-7.780345917,-10.22246933,-2.038940191,Normal
11 234.jpg,-3.148974895,-11.22712517,-0.590546191,Normal
11 235.jpg,-1.276320457,-4.705380917,2.978203297,Normal
11 236.jpg,-1.71050632,-5.796700478,3.01950407,Normal
11 237.jpg,-2.327306509,-5.746463776,2.849165678,Normal
11 242.jpg,-2.764511108,-6.563628197,2.606193066,Normal
11 246.jpg,-1.770865917,-6.605185509,2.841381788,Normal
11 247.jpg,-0.991588831,-6.606612206,2.784272909,Normal
11 249.jpg,-1.144520521,-6.004714012,2.650660992,Normal
11 250.jpg,-1.328446746,-5.010848522,2.709802151,Normal
11 251.jpg,-8.039768219,-10.71479607,-0.813555658,Normal
11 252.jpg,-8.188114166,-9.443992615,-1.088177562,Normal
11 253.jpg,-7.874979019,-9.822719574,-1.256732702,Normal
11 256.jpg,-2.760192633,-5.665431976,2.75604105,Normal
11 267.jpg,-2.742651701,-6.966710567,2.615005732,Normal
11 269.jpg,-3.25188446,-5.277880669,3.077502966,Normal
11 271.jpg,-2.411410332,-6.483612061,3.270986319,Normal
11 272.jpg,-2.58709693,-5.489002228,3.838148832,Normal
11 277.jpg,-2.235586643,-6.029403687,3.254120588,Normal
11 280.jpg,-2.432193279,-6.203886986,3.978229523,Normal
11 282.jpg,-9.001882553,-9.192375183,-1.215528727,Normal
11 284.jpg,-8.762083054,-8.291735649,-0.725982547,Normal
11 285.jpg,-6.401242256,-8.853542328,-0.635767579,Normal
11 287.jpg,-5.598327637,-9.632324219,-1.796482921,Normal
11 291.jpg,-2.744360685,-3.330474854,1.791165113,Normal
11 292.jpg,-4.091468811,-6.151425838,0.666395366,Normal
11 293.jpg,-7.394688606,-10.19321632,-0.712422729,Normal
11 294.jpg,-5.883944511,-9.566094398,-0.970739126,Normal
11 296.jpg,-3.81064415,-9.487552643,-2.285685062,Normal
11 297.jpg,-4.507913589,-9.252199173,-2.124132395,Normal
11 298.jpg,-5.924548149,-8.716269493,-1.225393772,Normal
11 301.jpg,-3.056308746,-5.102266312,2.64052248,Normal
11 303.jpg,-3.48069334,-5.015938759,2.651607752,Normal
11 304.jpg,-3.883868694,-5.762923241,2.510712147,Normal
11 305.jpg,-4.243453503,-6.339915276,2.487199545,Normal
11 306.jpg,-8.498983383,-10.72169018,1.344346762,Normal
11 307.jpg,-9.028348923,-9.084778786,0.051146612,Normal
11 310.jpg,-2.296909332,-3.716578245,3.016725063,Normal
11 312.jpg,-2.761790752,-4.024279594,2.8551507,Normal
11 313.jpg,-2.979175091,-3.809180975,2.80701685,Normal
11 315.jpg,-10.38908005,-8.483014107,-1.158263922,Normal
11 316.jpg,-9.890487671,-9.82442379,-1.181579113,Normal
11 317.jpg,-3.400356293,-4.533936501,2.526077747,Normal
11 321.jpg,-6.168798447,-9.052913666,-1.970925212,Normal
11 327.jpg,-2.467406273,-5.043353558,4.17661953,Normal
11 330.jpg,-3.278755188,-4.838956356,4.302770615,Normal
11 333.jpg,-8.29548645,-9.786455154,-0.875861406,Normal
11 334.jpg,-6.857236385,-9.11167717,-1.623283148,Normal
11 336.jpg,-5.328876495,-9.897128105,-0.549287498,Normal
11 337.jpg,-4.967790604,-10.64296532,-1.622802258,Normal
11 338.jpg,-2.990117073,-4.550607681,4.334422588,Normal
11 343.jpg,-1.805321693,-6.076252937,3.889921904,Normal
11 348.jpg,-2.910563231,-6.002421379,3.332077503,Normal
11 357.jpg,-2.981705427,-5.196866989,3.840114117,Normal
11 358.jpg,-2.324543953,-4.809660912,3.618448019,Normal
11 359.jpg,-2.74896884,-5.457110882,4.009222984,Normal
11 360.jpg,-2.060771465,-5.292240143,3.857262135,Normal
11 361.jpg,1.939932227,-10.85185909,-1.792681098,Normal
11 364.jpg,2.806831121,-10.23908901,-1.650194407,Normal
11 365.jpg,1.761454821,-11.15572643,-1.306023598,Normal
11 366.jpg,1.23471868,-11.73681927,-1.35676074,Normal
11 367.jpg,1.772666931,-11.96980286,-1.435854316,Normal
11 368.jpg,1.294923544,-11.80920982,-1.886252403,Normal
11 369.jpg,-0.347293377,-11.47443008,-1.381644964,Normal
11 370.jpg,-2.488138199,-11.29738903,-0.457685649,Normal
11 372.jpg,-3.72504425,-10.89114285,0.489019245,Normal
11 376.jpg,-2.608340263,-3.851026535,3.278264523,Normal
11 383.jpg,-1.890493393,-7.269021034,3.782576084,Normal
11 389.jpg,-0.479413003,-11.14043808,-0.730677366,Normal
11 391.jpg,-0.589809477,-11.00675583,-0.829622149,Normal
11 392.jpg,-2.378430128,-6.653464317,3.221896172,Normal
11 394.jpg,-2.334169388,-7.557319641,2.794147253,Normal
11 395.jpg,-1.970110655,-7.292849541,3.235957623,Normal
11 396.jpg,0.034667682,-9.914825439,-1.166538715,Normal
11 399.jpg,-3.290328979,-4.175686836,4.453799248,Normal
11 407.jpg,-2.788960934,-5.759760857,3.719434738,Normal
11 408.jpg,1.180945039,-11.1816473,-1.68741107,Normal
11 410.jpg,-2.609506607,-6.508191586,3.298201561,Normal
11 411.jpg,-2.862542868,-5.988656521,3.432253599,Normal
11 414.jpg,-2.708199501,-4.595668793,3.514893293,Normal
11 419.jpg,2.421949625,-9.195983887,-2.507279396,Normal
11 421.jpg,-2.077073097,-3.724450111,3.578015804,Normal
11 425.jpg,-3.291375637,-5.20835495,3.455425978,Normal
11 426.jpg,-3.216040373,-7.552356243,-1.325218678,Normal
11 427.jpg,-3.087224007,-8.685770035,-1.194894314,Normal
11 428.jpg,-3.994298458,-10.1683073,-0.897799194,Normal
11 431.jpg,-0.907903314,-6.113610744,4.462615013,Normal
11 432.jpg,-0.541821659,-6.014546394,3.490231514,Normal
11 433.jpg,-0.800633371,-5.910179138,3.133905411,Normal
11 436.jpg,-1.329426765,-5.845769882,3.238932371,Normal
11 437.jpg,-1.524329662,-6.140309334,2.774951458,Normal
11 438.jpg,-1.768938422,-5.738437653,3.076591492,Normal
11 449.jpg,-0.391159028,-8.233386993,-0.121716782,Normal
11 450.jpg,-2.970774174,-4.282810688,2.534642696,Normal
11 451.jpg,0.199100018,-8.935884476,-0.839010417,Normal
11 452.jpg,0.080791429,-9.432268143,-1.056537867,Normal
11 453.jpg,-0.516808748,-9.115389824,-0.690423429,Normal
11 454.jpg,-2.86282897,-9.511083603,-0.153377578,Normal
11 457.jpg,-2.145019531,-9.427599907,-0.683362365,Normal
11 458.jpg,-1.141733527,-9.206249237,-0.768643141,Normal
11 459.jpg,0.26493451,-8.354219437,-0.852445304,Normal
11 461.jpg,-2.831741333,-4.164453506,2.723902702,Normal
11 462.jpg,-4.005048752,-3.513532639,3.845859528,Normal
11 463.jpg,-4.467368126,-3.000164747,3.21962142,Normal
11 466.jpg,-3.678371906,-4.683513641,3.929331541,Normal
11 467.jpg,-2.656877041,-4.480741501,4.002549648,Normal
11 469.jpg,-2.923584938,-4.902080536,4.048374176,Normal
11 470.jpg,0.816082001,-6.999048233,-0.810971618,Normal
11 471.jpg,-3.163867474,-5.146531105,3.417357922,Normal
11 478.jpg,-2.595851898,-5.86354351,3.293950081,Normal
11 480.jpg,-2.71069026,-4.704312801,3.205574036,Normal
11 482.jpg,-2.443417072,-4.996539593,3.596704006,Normal
11 483.jpg,-2.276248217,-4.859811306,3.621078491,Normal
11 484.jpg,-0.999643683,-7.152308464,0.182089493,Normal
11 486.jpg,-0.665491402,-6.65171814,0.40227899,Normal
11 487.jpg,-1.068182588,-6.470712185,0.261643887,Normal
11 488.jpg,-1.461344123,-6.88662672,0.123217009,Normal
11 489.jpg,-1.399221778,-6.583174706,-0.043704271,Normal
11 491.jpg,-0.480815649,-7.280692101,-0.418048799,Normal
11 492.jpg,0.021427117,-7.751719475,-0.839204788,Normal
11 498.jpg,-0.170994624,-8.290481567,-0.981784582,Normal
11 499.jpg,-2.645273685,-5.437581062,3.880634069,Normal
11 501.jpg,-0.613301694,-7.744033337,-0.636976242,Normal
11 502.jpg,0.432579041,-8.014026642,-0.804976463,Normal
11 504.jpg,-2.888434887,-5.553538799,3.729703665,Normal
11 507.jpg,-3.074285507,-4.446075916,3.910409451,Normal
11 508.jpg,-3.327977657,-4.442250729,4.885201454,Normal
11 509.jpg,-3.831890821,-3.898581266,3.339705229,Normal
11 510.jpg,-5.095762253,-3.53881979,2.789140463,Normal
11 512.jpg,-2.685035229,-5.641442776,4.895165443,Normal
11 515.jpg,0.487709701,-8.15222168,-1.330172539,Normal
11 520.jpg,-2.529213905,-4.872076035,4.278375626,Normal
11 523.jpg,-2.831734419,-4.643164635,3.132668018,Normal
11 526.jpg,-2.42624712,-5.155105591,3.335805893,Normal
11 530.jpg,-3.055798292,-4.752215385,3.8587327,Normal
11 532.jpg,-1.050439596,-8.433650017,-0.259126663,Normal
11 533.jpg,0.696221352,-7.60119009,1.288745284,Normal
11 535.jpg,-2.560862303,-5.607728481,3.178827047,Normal
11 537.jpg,0.117699221,-7.680955887,1.021896362,Normal
11 538.jpg,-0.758160114,-8.205986023,0.69637841,Normal
11 540.jpg,-0.292230159,-8.652853012,0.514278054,Normal
11 541.jpg,0.077201463,-8.619974136,0.311837167,Normal
11 544.jpg,-1.905995369,-5.368382454,3.151156425,Normal
11 551.jpg,2.187607288,-3.569523573,0.149791092,Normal
11 554.jpg,-4.334820747,-9.563537598,1.223328829,Normal
11 555.jpg,-2.767327785,-8.172374725,0.992119312,Normal
11 557.jpg,-1.63240087,-6.286260128,0.191908449,Normal
11 558.jpg,-1.066253304,-4.589339733,1.622999549,Normal
11 559.jpg,0.56281364,-8.339410782,-0.693066239,Normal
11 563.jpg,-1.985712528,-6.360135555,2.382902622,Normal
11 570.jpg,2.056012154,-10.98965263,-1.686728358,Normal
11 571.jpg,4.594672203,-10.6301384,-3.964011669,Normal
11 572.jpg,4.198886395,-11.49383831,-2.718495846,Normal
11 574.jpg,2.358343124,-11.40620422,-2.326511383,Normal
11 575.jpg,1.870803237,-11.78953552,-1.582957745,Normal
11 578.jpg,-1.923711777,-5.852872372,3.82195735,Normal
11 581.jpg,-2.614264488,-4.211706161,4.21854496,Normal
11 583.jpg,2.566383362,-11.06563759,-1.941648841,Normal
11 588.jpg,-3.175695419,-3.833175182,3.986965179,Normal
11 593.jpg,-3.551304579,-3.897525311,4.597892761,Normal
11 595.jpg,-4.945774078,-4.247932434,3.707125187,Normal
11 596.jpg,-4.271486282,-3.395074368,3.907355309,Normal
11 597.jpg,-4.484250546,-2.049651861,4.025882721,Normal
11 599.jpg,-3.328618526,-6.042748928,3.721539021,Normal
11 602.jpg,4.492574215,-7.432082176,-2.291375875,Normal
11 611.jpg,-3.560138702,-5.368209839,4.129943371,Normal
11 626.jpg,-5.425008297,-9.486135483,1.397519588,Normal
11 627.jpg,-5.505016327,-8.98651123,1.332820773,Normal
11 628.jpg,-2.203563929,-5.937348366,3.255172491,Normal
11 636.jpg,-1.721664429,-10.45336056,-0.630732298,Normal
11 659.jpg,-8.593355179,-8.548305511,1.391019583,Normal
11 661.jpg,-2.110422134,-5.949923992,4.086227894,Normal
11 664.jpg,-4.50535202,-8.411901474,0.336595178,Normal
11 677.jpg,-5.010334015,-9.432130814,-0.610587478,Normal
11 678.jpg,-4.064259529,-8.155662537,-0.83989495,Normal
11 679.jpg,-3.536035299,-8.974964142,-0.96589148,Normal
11 680.jpg,-3.14718318,-8.298910141,-1.169807792,Normal
11 683.jpg,-5.310070992,-8.86730957,0.176407635,Normal
11 684.jpg,-6.30173254,-8.987024307,-0.083949022,Normal
11 685.jpg,2.52747488,-8.35820961,2.172940731,Normal
11 688.jpg,-4.108397007,-9.209062576,-0.738571405,Normal
11 703.jpg,-4.578742981,-8.318160057,-1.919432402,Normal
11 704.jpg,-4.666287899,-8.450512886,-1.504354239,Normal
11 705.jpg,-4.569236755,-8.247447968,-1.330017567,Normal
11 721.jpg,-1.586666942,-6.644113064,5.429049492,Normal
11 722.jpg,-1.133401752,-5.562259197,5.304434776,Normal
11 724.jpg,-1.153280139,-6.428781033,5.00906086,Normal
11 729.jpg,1.554650068,-7.273015022,4.068031311,Normal
11 731.jpg,2.510018826,-6.273729324,2.318657398,Normal
11 737.jpg,3.753614426,-6.052256584,1.766102552,Normal
11 738.jpg,3.038971663,-5.700307369,1.733868599,Normal
11 745.jpg,-5.375185013,-8.461078644,-1.519759059,Normal
11 750.jpg,4.481077194,-4.478796959,0.834360301,Normal
11 754.jpg,6.152386665,-7.087079525,0.458094686,Normal
11 758.jpg,7.756484985,-6.175059319,0.194542497,Normal
11 760.jpg,6.751546383,-4.491781235,1.122959137,Normal
11 762.jpg,-0.335735053,-10.1788063,-0.68388617,Normal
11 763.jpg,-2.073160172,-8.522165298,0.229882941,Normal
11 767.jpg,-7.399529934,-9.127264023,0.746003151,Normal
11 768.jpg,-8.260206223,-8.622039795,-0.594822407,Normal
11 769.jpg,-0.173322499,-6.332758904,1.969790936,Normal
11 771.jpg,-5.782048702,-8.389863014,-0.836816549,Normal
11 772.jpg,-3.488711834,-8.035219193,-1.693420649,Normal
11 777.jpg,-4.308868408,-8.410402298,-1.854334116,Normal
11 779.jpg,-3.015929222,-2.879901409,4.359169006,Normal
11 781.jpg,-3.279099226,-8.332904816,-1.717405677,Normal
11 785.jpg,-0.633362591,-9.845492363,-2.191953659,Normal
11 794.jpg,-1.554474354,-5.997834206,2.895446777,Normal
11 796.jpg,-1.49550283,-6.013094902,3.047615767,Normal
11 797.jpg,-1.876599789,-6.458300591,2.737475872,Normal
11 798.jpg,-1.47419858,-6.516582489,3.334035635,Normal
11 802.jpg,-1.302644014,-6.80299139,2.153497934,Normal
11 803.jpg,-1.209873557,-6.189530849,2.443663597,Normal
11 806.jpg,-4.541799068,-9.480096817,-1.553963184,Normal
11 810.jpg,-0.726115227,-6.48760891,2.290663719,Normal
11 811.jpg,-1.028689742,-6.335418224,2.212409973,Normal
11 819.jpg,0.017733216,-6.998677254,3.134168625,Normal
11 820.jpg,0.135773152,-7.164797783,3.405890942,Normal
11 822.jpg,-6.088309288,-8.724294662,-0.147114486,Normal
11 823.jpg,0.332867622,-6.446183205,3.008718014,Normal
11 824.jpg,0.648520827,-6.678020477,2.845066071,Normal
11 827.jpg,2.391059637,-8.394435883,2.423223019,Normal
11 828.jpg,2.187718153,-8.263647079,2.857663631,Normal
11 829.jpg,1.282353401,-9.702368736,-3.989249706,Normal
11 831.jpg,2.728543758,-7.450578213,3.003376007,Normal
11 835.jpg,-2.42956996,0.783330083,0.797002971,Normal
11 837.jpg,2.588584423,-7.942680359,3.171809196,Normal
11 838.jpg,2.598039389,-7.871404171,3.217370033,Normal
11 841.jpg,2.525625944,-6.58058548,3.426350355,Normal
11 842.jpg,-0.912165821,-7.820573807,-1.575928211,Normal
11 843.jpg,2.122461319,-7.492856503,3.353506088,Normal
11 855.jpg,-0.594588876,-8.741827011,-1.70950675,Normal
11 870.jpg,-4.0771842,-8.336195946,-0.275632828,Normal
11 900.jpg,-2.837778807,-9.07049942,-0.564182341,Normal
11 901.jpg,0.968323886,-8.096392632,-1.229972839,Normal
12 0009.jpg,9.5921278,-12.32329559,-4.061496735,Abnormal
12 0010.jpg,7.74098587,-13.8938055,-3.707338095,Abnormal
12 0011.jpg,7.598651886,-14.87919617,-3.928080559,Abnormal
12 0013.jpg,8.390464783,-13.9241972,-3.557933807,Abnormal
12 0016.jpg,6.689750671,-12.25879192,-3.255905151,Normal
12 0017.jpg,0.448172897,-13.0832901,-2.750239849,Normal
12 0018.jpg,-6.638728619,-11.58271408,-2.172433376,Abnormal
12 0019.jpg,-6.671306133,-11.63456249,-2.119046211,Abnormal
12 0021.jpg,-6.789428711,-11.69278717,-2.159990788,Abnormal
12 0022.jpg,-6.781237602,-11.96998787,-1.987799048,Abnormal
12 0023.jpg,-6.630748272,-12.01113033,-2.000718117,Abnormal
12 0025.jpg,-8.174373627,-10.75118256,-1.938690543,Abnormal
12 0026.jpg,-8.064195633,-10.78827667,-1.727725387,Abnormal
12 0043.jpg,1.166600466,-10.99225235,-3.151369095,Normal
12 0044.jpg,-9.852172852,-9.63421154,-2.888876915,Abnormal
12 0070.jpg,11.00133801,-9.789932251,-5.396801949,Abnormal
12 0071.jpg,11.03700161,-10.01820374,-5.368556499,Abnormal
12 0072.jpg,11.0495863,-9.727920532,-5.594496727,Abnormal
12 0073.jpg,11.09883404,-9.761332512,-5.493646145,Abnormal
12 0074.jpg,10.99862957,-10.12688828,-5.394250393,Abnormal
12 0075.jpg,10.99198914,-10.18767452,-5.345019817,Abnormal
12 0076.jpg,10.82784843,-9.504138947,-5.43192625,Abnormal
12 0077.jpg,10.68050385,-9.97143364,-5.265269279,Abnormal
12 0078.jpg,10.54929543,-10.03643227,-5.301049709,Abnormal
12 0079.jpg,11.28707695,-9.203277588,-6.514489651,Abnormal
12 0080.jpg,10.58157253,-9.570418358,-5.922681332,Abnormal
12 0089.jpg,10.47209644,-8.762056351,-5.238422871,Abnormal
12 0090.jpg,10.43393707,-8.816134453,-5.329001427,Abnormal
12 0091.jpg,10.44690704,-8.519104004,-5.510872841,Abnormal
12 0142.jpg,11.03118896,-6.576964378,-3.31475544,Normal
12 0143.jpg,11.11714935,-6.451835632,-3.576447248,Normal
12 0144.jpg,10.94309425,-6.212300777,-3.589848995,Normal
12 0145.jpg,10.94604397,-5.889583111,-3.48891592,Normal
12 0146.jpg,11.21108913,-5.953208923,-3.802827358,Normal
12 0147.jpg,11.10637951,-6.265620232,-3.598320723,Normal
12 0148.jpg,11.0980587,-6.55550766,-3.45991683,Normal
12 0149.jpg,11.44456673,-6.335000992,-4.046555996,Normal
12 0150.jpg,11.39756012,-6.389561653,-3.954484463,Normal
12 0151.jpg,11.46136284,-6.127755165,-3.853664398,Normal
12 0152.jpg,11.44334412,-6.535233498,-3.959002972,Normal
12 0194.jpg,7.222128868,-8.075813293,-4.896113396,Normal
12 0195.jpg,7.431714058,-8.039173126,-4.697799206,Normal
12 0196.jpg,7.470930099,-8.176778793,-4.600068092,Normal
12 0201.jpg,6.519188881,-9.343084335,-4.135903358,Normal
12 0203.jpg,6.82575798,-10.43439007,-3.919128895,Normal
12 0204.jpg,6.166324615,-11.83016205,-3.987412214,Normal
12 0205.jpg,6.1879282,-10.58083344,-4.260345459,Normal
12 0206.jpg,5.150579453,-11.05876923,-3.8867836,Abnormal
12 0233.jpg,9.061380386,-17.93774414,-4.844395161,Normal
12 0234.jpg,7.40793705,-18.42792892,-4.13260746,Normal
12 0236.jpg,6.910991669,-18.87836266,-4.134005547,Normal
12 0238.jpg,7.262280941,-18.64485741,-3.720579147,Normal
12 0239.jpg,7.657512665,-17.83518219,-4.160335541,Normal
12 0249.jpg,9.502528191,-10.44996452,-6.220524788,Normal
12 0250.jpg,9.695802689,-11.72750282,-6.674455166,Normal
12 0251.jpg,9.660510063,-11.27113152,-6.812608242,Normal
12 0252.jpg,9.930418015,-11.45838737,-6.751410484,Normal
12 0253.jpg,9.563825607,-11.94368935,-6.663261414,Normal
12 0254.jpg,9.715648651,-11.7514267,-6.818499565,Normal
12 0255.jpg,9.907775879,-11.63998699,-7.183866024,Normal
12 0256.jpg,9.967134476,-11.37311745,-7.149608135,Normal
12 0271.jpg,10.09042168,-11.8675251,-7.609988213,Normal
12 0272.jpg,9.240177155,-12.19749641,-7.270028114,Normal
12 0338.jpg,23.72321129,-4.48353672,-4.733201981,Normal
12 0339.jpg,23.87216187,-4.718387604,-4.67436409,Normal
12 0340.jpg,24.09055138,-4.804916382,-4.986370087,Normal
12 0341.jpg,23.81143188,-4.895339489,-4.723079681,Abnormal
12 0413.jpg,7.822337151,-28.09863281,-3.845625401,Abnormal
12 0414.jpg,7.691308022,-28.49707413,-3.872325659,Abnormal
12 0416.jpg,7.929974556,-28.61343002,-4.162538528,Abnormal
12 0445.jpg,5.804141045,-31.5833416,-4.416751385,Abnormal
12 0447.jpg,6.106328487,-29.96574974,-4.641927242,Abnormal
12 0545.jpg,-5.43353796,-21.14542389,-3.367021084,Abnormal
12 0550.jpg,-5.208398819,-20.0781002,-3.820748806,Abnormal
12 0552.jpg,-11.67430115,-17.96317291,-3.392988682,Abnormal
12 0553.jpg,-19.55147552,-14.72028732,-3.785786629,Abnormal
12 0554.jpg,-25.57204056,-13.32871914,-3.241502762,Abnormal
12 056.jpg,4.786769867,-10.36018562,-0.185486957,Abnormal
12 057.jpg,5.274241447,-11.14245224,-0.821903706,Abnormal
12 058.jpg,4.872469902,-11.0601635,-0.480157226,Normal
g_2 014.jpg,0.964134455,-3.92858696,3.374853849,Normal
g_2 015.jpg,0.161954701,-3.716192961,3.349531174,Normal
g_2 017.jpg,0.04622972,-0.315237641,4.242451668,Normal
g_2 018.jpg,-0.649162889,-0.000105898,5.439014435,Normal
g_2 019.jpg,-3.449931622,2.217116356,8.158046722,Abnormal
g_2 059.jpg,10.43671608,1.878109336,-3.285505056,Abnormal
g_2 062.jpg,2.769515514,-3.715123653,-10.8276701,Abnormal
g_2 063.jpg,9.508150101,-7.431848049,-9.083255768,Abnormal
g_2 064.jpg,10.06214523,-7.696538925,-10.58281994,Abnormal
g_2 069.jpg,4.613366127,-7.021169662,-7.875990868,Abnormal
g_2 070.jpg,2.639410019,-2.906935453,-8.188276291,Abnormal
g_2 071.jpg,-0.418010354,-0.26993981,-5.85242033,Abnormal
g_2 073.jpg,-2.323837519,-3.583944082,0.265923083,Normal
g_2 074.jpg,-3.109370232,0.325187325,-2.733098984,Normal
g_2 075.jpg,-0.004525443,-0.500394821,-3.322133064,Normal
g_2 077.jpg,-1.386213064,-0.63489902,3.577275753,Normal
g_2 078.jpg,0.022625944,-2.670025826,3.350664854,Normal
g_2 079.jpg,1.012920141,-3.316721439,4.515675068,Normal
g_2 081.jpg,1.348971248,-4.705716133,3.24767065,Normal
g_2 082.jpg,1.399142981,-4.885659218,2.475411177,Normal
g_2 083.jpg,2.145720959,-6.045866966,2.611023664,Normal
g_2 084.jpg,0.407743394,-6.610679626,0.872213304,Normal
g_2 085.jpg,1.740965843,-6.19878149,-1.037317157,Normal
g_2 086.jpg,0.778284073,-5.161110878,-0.61801219,Normal
g_2 087.jpg,0.278549194,-3.797391415,-3.641648054,Normal
g_2 089.jpg,1.098045826,-4.828221798,-4.099703789,Normal
g_2 090.jpg,1.172290683,-4.669708252,-2.965789795,Normal
g_2 091.jpg,4.70156908,-5.774413109,-4.009969711,Normal
g_2 092.jpg,7.074063778,-5.953887939,-6.473388195,Normal
g_2 093.jpg,8.455112457,-6.644517422,-8.644529343,Normal
g_2 094.jpg,7.645093441,-4.975490093,-8.517202377,Normal
g_2 095.jpg,6.516004086,-5.111514568,-8.108848572,Normal
g_2 096.jpg,4.547245026,-4.15768528,-6.720397949,Normal
g_2 097.jpg,5.319095135,-3.873520374,-5.804440498,Normal
g_2 098.jpg,4.413896084,-4.80394268,-5.21503973,Normal
g_2 099.jpg,4.840778351,-4.731888771,-4.617516518,Normal
g_2 101.jpg,1.621585131,-3.955330372,-3.563538313,Normal
g_2 103.jpg,-0.756647527,-2.071195841,-3.657790899,Normal
g_2 104.jpg,-0.48809123,-3.41608882,-5.001489639,Normal
g_2 108.jpg,1.567411304,-3.49522543,-6.353060722,Normal
g_2 251.jpg,-5.589537621,-3.361040115,10.67873383,Normal
g_2 269.jpg,2.102944851,-3.842771053,-5.257643223,Normal
g_2 270.jpg,2.764835835,-5.011199951,-3.631053448,Normal
g_2 274.jpg,2.132030725,-8.147480011,-2.282874107,Normal
g_2 275.jpg,1.856852412,-6.763593197,-3.015005827,Normal
g_2 282.jpg,0.940467298,-5.509217739,-5.244544983,Normal
g_2 284.jpg,6.519355297,-7.262229919,-7.52414608,Normal
g_2 285.jpg,8.435214996,-8.167627335,-7.444849968,Normal
g_2 286.jpg,7.32611084,-8.608838081,-6.416250229,Normal
g_2 288.jpg,4.793920517,-7.645504951,-5.1028018,Normal
g_2 370.jpg,6.836321831,-11.07544231,-4.958580017,Normal
g_2 371.jpg,1.035844088,-9.258852959,-4.739310265,Normal
g_2 373.jpg,0.256791055,-8.088646889,-5.176401615,Normal
g_2 661.jpg,-7.438040733,-0.990395725,3.798475027,Normal
g_2 662.jpg,-12.76875973,-0.473596662,-5.481050014,Normal
g_2 663.jpg,-6.703112602,-1.7776649,-6.862018585,Normal
g_2 665.jpg,-2.757472992,-4.012514114,-5.597984314,Normal
g_2 666.jpg,-4.106436253,-3.7417202,-4.105357647,Normal
g_2 667.jpg,-2.006685257,-3.970029593,-3.996725798,Normal
g_2 678.jpg,-3.595642567,-2.298207998,-3.030622959,Normal
g_2 681.jpg,-0.133128032,-1.400886059,3.580813408,Normal
g_2 682.jpg,0.811176062,-1.134437919,3.982577801,Normal
g_2 683.jpg,0.825771093,-3.705961704,3.729226589,Normal
g_2 721.jpg,-2.439731598,9.45462513,9.626844406,Normal
g_2 722.jpg,-1.436688304,6.122959137,7.206752777,Normal
g_2 723.jpg,-0.277141213,5.412314415,5.029576302,Normal
g_2 724.jpg,-1.894120574,2.366594315,3.607814312,Normal
g_2 726.jpg,0.877248049,1.88113451,-3.602331877,Normal
g_2 727.jpg,0.954595685,3.12851572,-2.952190161,Normal
g_2 728.jpg,-0.378533453,0.567324579,-2.41485095,Normal
g_2 733.jpg,-1.847464919,-2.888600826,0.907722414,Normal
g_2 734.jpg,-1.617460489,0.580971479,2.489972591,Normal
g_2 735.jpg,-0.151763067,2.245845318,1.112212896,Normal
g_2 736.jpg,-1.282756925,1.854381323,1.238339424,Normal
g_2 737.jpg,-4.217617989,-1.287794113,0.085863471,Normal
g_2 738.jpg,-5.200196266,-2.683169365,0.4474684,Normal
g_2 739.jpg,-5.441084862,-4.2591362,-0.991393328,Normal
g_2 740.jpg,-3.173224926,-5.052560329,-2.782756329,Normal
g_2 745.jpg,9.465393066,0.799230933,-2.576951981,Normal
g_2 746.jpg,10.24807644,0.332371473,0.206626832,Normal
g_2 902.jpg,7.389615536,-4.879497528,-3.822441101,Normal
g_2 903.jpg,6.412906647,-0.413848102,-7.760659218,Normal
g_2 904.jpg,3.672770262,1.149257183,-11.45763397,Normal
g_2 906.jpg,-15.59143353,1.140493393,-16.67942047,Normal
g_2 907.jpg,-12.65542412,2.121887207,-14.01249599,Normal
t_scenario_2 0001.jpg,-8.184242249,-1.125206113,-2.597921371,Normal
t_scenario_2 0002.jpg,-7.655667305,-0.926695228,-2.482835531,Normal
t_scenario_2 0003.jpg,-7.245223522,-0.24154675,-3.020956039,Normal
t_scenario_2 0004.jpg,-6.171353817,-0.198470592,-3.265125751,Normal
t_scenario_2 0005.jpg,-6.601193428,0.698086441,-2.955599308,Normal
t_scenario_2 0007.jpg,-4.920493603,1.487999916,-3.606848478,Normal
t_scenario_2 0008.jpg,-4.004495621,0.574487686,-4.269258499,Normal
t_scenario_2 0011.jpg,-2.468518257,0.289081275,-2.773239136,Normal
t_scenario_2 0012.jpg,-1.451691389,2.60559845,-2.403149605,Normal
t_scenario_2 0013.jpg,-2.095196724,1.926944494,-1.003595352,Normal
t_scenario_2 0014.jpg,-3.536835432,-0.911537528,-0.311681986,Normal
t_scenario_2 0015.jpg,-5.676790237,-3.134582281,0.290923536,Normal
t_scenario_2 0017.jpg,-6.973044395,-0.254253983,0.058664583,Normal
t_scenario_2 0018.jpg,-8.59151268,-1.403039336,0.60301888,Normal
t_scenario_2 0019.jpg,-8.996173859,1.965295672,-1.213041186,Normal
t_scenario_2 0021.jpg,-11.60038376,4.449669361,-1.849914312,Normal
t_scenario_2 0022.jpg,-11.77759838,5.523072243,-2.051202297,Normal
t_scenario_2 0025.jpg,-10.99186325,5.858055115,-0.166381523,Normal
t_scenario_2 0029.jpg,-10.11791229,2.986331701,-0.80832088,Normal
t_scenario_2 0030.jpg,-9.439697266,3.059189558,-1.694967628,Normal
t_scenario_2 0032.jpg,-13.35996056,1.335333824,1.036003828,Normal
t_scenario_2 0052.jpg,-20.18348312,-8.204451561,-1.900165319,Normal
t_scenario_2 0053.jpg,-20.16458893,-7.174456596,-2.582620382,Normal
t_scenario_2 0054.jpg,-18.35639,-7.953460693,-1.723913193,Normal
t_scenario_2 0056.jpg,-19.33151627,-8.365905762,-1.193982005,Normal
t_scenario_2 0057.jpg,-19.7863369,-8.671812057,0.064026341,Normal
t_scenario_2 0058.jpg,-20.16007423,-8.470058441,-0.385536045,Normal
t_scenario_2 0062.jpg,-17.17527008,6.484161377,-1.083416224,Normal
t_scenario_2 0063.jpg,-14.47692394,3.27763629,0.415011287,Normal
t_scenario_2 0064.jpg,-15.70196819,0.379770756,-0.160733134,Normal
t_scenario_2 0065.jpg,-17.06204605,-1.277760267,0.428077221,Normal
t_scenario_2 0066.jpg,-16.29069138,-1.59333086,1.342759132,Normal
t_scenario_2 0068.jpg,-14.17736816,0.568641067,1.061716437,Normal
t_scenario_2 0069.jpg,-14.54220772,0.327707827,0.661047757,Normal
t_scenario_2 0071.jpg,-12.16845703,-2.496481895,1.149760246,Normal
t_scenario_2 0072.jpg,-13.41553783,-5.250205517,2.015911102,Normal
t_scenario_2 0073.jpg,-12.47883511,-6.027759075,1.673987746,Normal
t_scenario_2 0075.jpg,-16.12153244,-1.956633925,0.896786571,Normal
t_scenario_2 0076.jpg,-14.36823559,-0.839458823,1.59804225,Normal
t_scenario_2 0077.jpg,-13.03084183,-2.515512943,1.700346231,Normal
t_scenario_2 0078.jpg,-12.39208508,-0.225242779,1.197319508,Normal
t_scenario_2 0083.jpg,-12.29838848,0.108593307,0.49980396,Normal
t_scenario_2 0084.jpg,-11.8568058,1.016819835,1.049308658,Normal
t_scenario_2 0086.jpg,-15.83528805,-2.252146959,0.910697401,Normal
t_scenario_2 0087.jpg,-13.23428917,-1.780981421,2.316055059,Normal
t_scenario_2 0093.jpg,-16.99920654,-8.47439003,5.641284943,Normal
t_scenario_2 0094.jpg,-20.43429184,-8.023859978,5.956828117,Normal
t_scenario_2 0095.jpg,-23.78906822,-4.903184414,5.521222591,Abnormal
t_scenario_2 0096.jpg,-27.3197937,-4.847970009,5.303322792,Abnormal
t_scenario_2 0097.jpg,-28.92539024,-5.599212646,5.876332283,Abnormal
t_scenario_2 0098.jpg,-25.13476563,-6.524915218,3.858939648,Abnormal
t_scenario_2 0161.jpg,-4.810325146,4.940829754,-0.39292109,Abnormal
t_scenario_2 0162.jpg,-3.991828918,4.408628464,-0.786169946,Normal
t_scenario_2 0163.jpg,-3.716804981,4.884305,0.10188888,Normal
t_scenario_2 0165.jpg,-1.060028791,1.847745895,-0.8085711,Normal
t_scenario_2 0181.jpg,-7.911632538,4.780687332,0.907384038,Normal
t_scenario_2 0182.jpg,-10.44319344,5.931805611,-0.625601768,Normal
t_scenario_2 0183.jpg,-9.93421936,3.830401897,-0.242680997,Normal
t_scenario_2 0185.jpg,-12.77585983,4.426498413,-1.208225131,Normal
t_scenario_2 0187.jpg,-11.45317268,3.073181868,-1.601974368,Normal
t_scenario_2 0188.jpg,-9.514870644,3.702253342,-1.991364241,Normal
t_scenario_2 0189.jpg,-8.75342083,3.727233648,-2.041480064,Normal
t_scenario_2 0190.jpg,-8.087472916,3.863313437,-3.392279625,Normal
t_scenario_2 0225.jpg,-9.105639458,7.136193752,-2.021397591,Normal
t_scenario_2 0227.jpg,-10.25387859,2.00033164,-1.178450704,Normal
t_scenario_2 0228.jpg,-10.13108826,4.627539635,-1.127332926,Normal
t_scenario_2 0229.jpg,-12.23541546,5.033153534,-0.413208187,Normal
t_scenario_2 0230.jpg,-10.96260357,9.467329979,0.152209222,Normal
t_scenario_2 0233.jpg,-4.506406784,9.624500275,-0.234773636,Normal
t_scenario_2 0235.jpg,-4.885850906,1.128608942,-3.535808563,Normal
t_scenario_2 0237.jpg,-4.488180161,-1.948664069,-3.624134779,Normal
t_scenario_2 0238.jpg,-8.294330597,-1.522701025,-3.71241188,Normal
t_scenario_2 0239.jpg,-8.537272453,-3.355694532,-3.959787846,Normal
t_scenario_2 0244.jpg,-8.234478951,-8.146759987,-2.998013973,Normal
t_scenario_2 0247.jpg,-5.633393764,0.770153284,-3.177049637,Normal
t_scenario_2 0263.jpg,-10.03691673,2.25934124,1.179684639,Normal
t_scenario_2 0264.jpg,-8.806756973,2.505841732,0.750118911,Normal
t_scenario_2 0266.jpg,-7.29928112,-0.500282884,-0.670549095,Normal
t_scenario_2 0269.jpg,-2.260953665,0.597817659,-3.662298918,Normal
t_scenario_2 0273.jpg,-9.834627151,-1.406314731,0.766310811,Normal
t_scenario_2 0274.jpg,-10.34729195,-1.35021019,0.824011028,Normal
t_scenario_2 0275.jpg,-12.07731915,-3.2186203,0.440974236,Normal
t_scenario_2 0276.jpg,-12.63599205,-1.181041598,0.55402112,Normal
t_scenario_2 0278.jpg,-12.81468391,-1.299812078,1.146586776,Normal
t_scenario_2 0279.jpg,-9.119437218,-0.495080829,0.902432084,Normal
t_scenario_2 0293.jpg,-13.62789059,-2.938156843,-3.996411085,Normal
t_scenario_2 0294.jpg,-11.59519577,-4.105686188,-0.085369825,Normal
t_scenario_2 0295.jpg,-4.703580856,-5.080922127,-2.453023672,Normal
t_scenario_2 0296.jpg,1.143428564,-5.363184929,-4.95832777,Normal
t_scenario_2 0297.jpg,-0.509013355,-6.209000587,-4.19507885,Normal
t_scenario_2 0317.jpg,-2.435405493,2.188729048,-0.747855365,Normal
t_scenario_2 0374.jpg,-10.49515152,3.243116379,-3.464559317,Normal
t_scenario_2 0424.jpg,11.83736992,8.907876968,0.786308706,Abnormal
t_scenario_2 0426.jpg,6.700683594,8.043006897,1.873102903,Abnormal
t_scenario_2 0428.jpg,1.537787199,5.874652386,2.158941269,Normal
t_scenario_2 0429.jpg,-1.39950645,4.14804554,3.459272861,Normal
t_scenario_2 0430.jpg,-1.944932699,4.311787605,2.006964684,Normal
t_scenario_2 0436.jpg,-1.026621103,6.485650539,-1.269394159,Normal
t_scenario_2 0438.jpg,-3.947206497,7.592500687,-0.040905595,Normal
t_scenario_2 0443.jpg,-13.42147732,-3.457779884,-0.58399719,Normal
t_scenario_2 0572.jpg,-5.430493355,-4.037311554,-1.570577025,Normal
t_scenario_2 0573.jpg,-5.822139263,-6.056024551,-1.789002419,Normal
t_scenario_2 0576.jpg,-4.711353302,-11.48611069,-2.710512877,Normal
t_scenario_2 0577.jpg,-6.177449703,-11.67295361,-2.581779242,Normal
t_scenario_2 0578.jpg,-6.079752922,-11.2417984,-2.564371109,Normal
t_scenario_2 0583.jpg,-12.61784649,1.311311245,0.887742519,Normal
t_scenario_2 0584.jpg,-15.32084656,-0.003909628,1.970785856,Normal
t_scenario_2 0585.jpg,-17.22792816,-0.435654879,3.079041958,Normal
t_scenario_2 0586.jpg,-12.82982063,0.585331202,2.556569338,Normal
t_scenario_2 0587.jpg,-16.46009064,-0.087261677,3.640201092,Normal
t_scenario_2 0588.jpg,-16.83258057,0.544409156,3.07166934,Normal
t_scenario_2 0589.jpg,-15.74713421,-3.339114666,1.486653686,Normal
t_scenario_2 0590.jpg,-17.60092926,-3.634154081,2.527328968,Normal
t_scenario_2 0603.jpg,-13.8854475,-3.434464216,3.431541443,Normal
t_scenario_2 0604.jpg,-17.45558548,-4.383861542,2.812530994,Normal
t_scenario_2 0606.jpg,-14.91119576,-5.987500668,1.863546133,Normal
t_scenario_2 0612.jpg,-15.03466034,-4.012059689,4.033433437,Normal
t_scenario_2 0613.jpg,-23.37127686,-13.11623669,4.762132168,Normal
t_scenario_2 0614.jpg,-19.67836761,-11.9574337,2.763834,Normal
t_scenario_2 0615.jpg,-10.98531914,-6.197859764,2.644579649,Normal
t_scenario_2 0624.jpg,-7.446536064,-10.78116608,1.742381573,Normal
t_scenario_2 0625.jpg,-8.626476288,-9.299179077,1.053513527,Normal
t_scenario_2 0626.jpg,-11.66014481,-11.43234634,3.217918396,Normal
t_scenario_2 0627.jpg,-4.16132164,-4.911863327,-0.121220827,Normal
t_scenario_2 0629.jpg,16.99589157,-5.277667522,-5.916460991,Abnormal
t_scenario_2 0697.jpg,-7.666748047,1.321367383,-1.126434326,Normal
t_scenario_2 0698.jpg,-6.844322205,3.037600994,-1.592658997,Normal
t_scenario_2 0699.jpg,-8.485685349,6.388623714,-0.251270413,Normal
t_scenario_2 0757.jpg,-19.71875763,-10.5471487,3.861201048,Abnormal
t_scenario_2 0767.jpg,-16.20563889,-7.534011364,2.067296028,Abnormal
t_scenario_4 0349.jpg,7.657289505,4.552030087,-1.346605301,Abnormal
t_scenario_4 0350.jpg,2.749521732,0.869501293,-4.782274246,Abnormal
t_scenario_4 0351.jpg,3.215238333,2.013809919,-4.861509323,Abnormal
t_scenario_4 0353.jpg,4.369441032,5.550967693,-3.95678091,Abnormal
t_scenario_4 0356.jpg,7.83544302,2.961854935,-3.013343811,Abnormal
t_scenario_4 0357.jpg,6.748843193,4.36572361,-4.407535076,Abnormal
t_scenario_4 0358.jpg,6.692173004,4.392089844,-4.134269238,Abnormal
t_scenario_4 0359.jpg,6.906465054,5.818477154,-4.91204071,Abnormal
t_scenario_4 0360.jpg,9.011332512,2.785717964,-5.983019829,Abnormal
t_scenario_4 0361.jpg,9.148414612,3.182522297,-5.650848389,Abnormal
t_scenario_4 0362.jpg,8.141319275,5.981324673,-5.966823578,Abnormal
t_scenario_4 0364.jpg,7.593954086,5.768784523,-5.993142605,Abnormal
t_scenario_4 0365.jpg,7.756343842,6.627590179,-4.396853447,Abnormal
t_scenario_4 0366.jpg,6.866164207,6.592889786,-4.144534588,Abnormal
t_scenario_4 0367.jpg,6.496556759,6.008308411,-4.679879189,Abnormal
t_scenario_4 0368.jpg,8.468097687,5.14695406,-5.721115112,Abnormal
t_scenario_4 0369.jpg,7.195297241,5.564483166,-4.078435898,Abnormal
t_scenario_4 0370.jpg,7.400278091,3.094817877,-5.173418045,Abnormal
t_scenario_4 0372.jpg,9.374006271,4.207972527,-5.181035042,Abnormal
t_scenario_4 0373.jpg,7.693182945,3.72554493,-6.159078598,Abnormal
t_scenario_4 0374.jpg,7.235216141,5.179676533,-5.49151516,Abnormal
t_scenario_4 0376.jpg,9.746038437,1.697601676,-4.485702515,Abnormal
t_scenario_4 0378.jpg,9.259210587,2.539506197,-7.226805687,Abnormal
t_scenario_4 0379.jpg,9.404834747,2.331589222,-6.964444637,Abnormal
t_scenario_4 0380.jpg,10.31146049,0.964437366,-6.697978497,Abnormal
t_scenario_4 0381.jpg,8.159327507,0.807708621,-5.798703671,Abnormal
t_scenario_4 0382.jpg,6.000086784,3.361830473,-5.134085655,Abnormal
t_scenario_4 0383.jpg,2.043746948,2.683065176,-3.585986614,Abnormal
t_scenario_4 0384.jpg,0.446744144,3.544071674,-2.92289114,Abnormal
t_scenario_4 0385.jpg,-1.691436172,6.414836407,-3.241564274,Abnormal
t_scenario_4 0386.jpg,-2.672947645,7.775385857,-1.699418783,Normal
t_scenario_4 0406.jpg,2.534157753,0.110549852,-4.61101532,Abnormal
t_scenario_4 0407.jpg,2.625779867,-1.271454334,-4.717355728,Abnormal
t_scenario_4 0408.jpg,4.481707096,-1.884385586,-5.80427742,Abnormal
t_scenario_4 0410.jpg,6.977941036,0.616210341,-7.661445618,Abnormal
t_scenario_4 0411.jpg,8.308917999,1.801763892,-7.595789909,Abnormal
t_scenario_4 0412.jpg,8.145412445,1.96890974,-7.712114334,Abnormal
t_scenario_4 0413.jpg,10.95165825,5.405428886,-8.858194351,Abnormal
t_scenario_4 0415.jpg,12.12911415,3.993813992,-6.675219536,Abnormal
t_scenario_4 0416.jpg,14.35189724,5.597383499,-6.415002346,Abnormal
t_scenario_4 0417.jpg,8.7414608,4.337739944,-5.310695648,Abnormal
t_scenario_4 0418.jpg,8.758506775,2.047404051,-5.079374313,Abnormal
t_scenario_4 0420.jpg,6.005900383,-0.352828026,-5.154548645,Abnormal
t_scenario_4 0457.jpg,-8.21362114,-1.720353007,-5.483163357,Abnormal
t_scenario_4 0525.jpg,9.555662155,5.77031517,-7.345301628,Abnormal
t_scenario_4 0526.jpg,10.06400108,4.308811188,-4.677428722,Abnormal
t_scenario_4 0527.jpg,9.666287422,3.904762983,-5.203557491,Abnormal
t_scenario_4 0528.jpg,7.879529476,2.203309536,-6.658055782,Abnormal
t_scenario_4 0546.jpg,8.258841515,-0.005179564,-4.356610775,Abnormal
t_scenario_4 0547.jpg,10.33229446,0.939360499,-3.389624357,Abnormal
t_scenario_4 0548.jpg,8.538649559,2.201103687,-2.193181992,Abnormal
t_scenario_4 0549.jpg,9.132200241,2.518847227,-3.196218491,Abnormal
t_scenario_4 0562.jpg,8.214288712,-0.026125431,-5.382246017,Abnormal
t_scenario_4 0563.jpg,5.492949486,-0.772787452,-4.529766083,Abnormal
t_scenario_4 0564.jpg,5.140884876,-1.976928711,-5.279513359,Abnormal
t_scenario_4 0565.jpg,5.694924831,-1.102653027,-4.68625927,Abnormal
t_scenario_4 0566.jpg,7.354144096,-2.810393095,-5.46777153,Abnormal
t_scenario_4 0567.jpg,8.471290588,-2.743052006,-6.213446617,Abnormal
t_scenario_4 0568.jpg,9.877532959,-0.752814293,-5.745685101,Abnormal
t_scenario_4 0569.jpg,9.49979496,-1.846605301,-4.245500088,Abnormal
t_scenario_4 0570.jpg,8.68274498,-3.091104031,-5.69560194,Abnormal
t_scenario_4 0572.jpg,10.51758575,-4.401880264,-6.238433838,Abnormal
t_scenario_4 0573.jpg,8.439692497,-2.954775333,-6.765518188,Abnormal
t_scenario_4 0817.jpg,2.893865585,-0.932525337,-6.18555975,Normal
t_scenario_4 0818.jpg,-0.393117368,4.840962887,-5.380602837,Normal
t_scenario_4 0821.jpg,-0.611686885,8.589003563,1.601964474,Normal
t_scenario_4 0822.jpg,5.742259979,11.98739147,3.362635612,Normal
t_scenario_4 0823.jpg,20.80354309,2.830290318,-0.67543453,Normal
t_scenario_4 0825.jpg,12.66693401,12.39500237,2.977749348,Normal
t_scenario_4 0826.jpg,30.77432632,6.5304389,-3.36269927,Normal
t_scenario_4 0827.jpg,29.94851685,-1.765677452,-0.126437515,Normal
t_scenario_4 0828.jpg,21.78424072,11.7634201,2.112332106,Normal
t_scenario_4 0829.jpg,32.67876053,-0.953130126,3.102359772,Normal
t_scenario_4 0867.jpg,-2.127591848,1.816352367,-1.865964651,Abnormal
t_scenario_4 0868.jpg,-1.069634199,-0.412758112,-1.349021912,Abnormal
t_scenario_4 0869.jpg,-0.804302573,3.538051128,-0.917434812,Abnormal
t_scenario_4 0870.jpg,-1.007476926,1.780334234,-0.89222765,Abnormal
t_scenario_4 0871.jpg,1.306749463,2.029974461,-0.792455912,Abnormal
t_scenario_4 0872.jpg,0.822779655,1.982219934,-1.832521319,Abnormal
t_scenario_4 0873.jpg,0.636295497,-1.381953239,-2.889772892,Abnormal
t_scenario_4 0874.jpg,4.90414381,-3.607954502,-6.751544952,Abnormal
t_scenario_4 0875.jpg,8.339484215,-0.96061343,-6.427181244,Abnormal
t_scenario_4 0876.jpg,9.73000145,0.354730546,-6.610919952,Abnormal
t_scenario_4 0877.jpg,8.324712753,-0.844446838,-6.660378933,Abnormal
t_scenario_4 0878.jpg,8.614585876,0.408780783,-6.043556213,Abnormal
t_scenario_4 0880.jpg,6.304599762,-0.567740619,-4.788919449,Abnormal
t_scenario_4 0882.jpg,6.797869682,1.511288643,-5.41438961,Abnormal
t_scenario_4 0884.jpg,5.284184456,1.14890182,-5.383533001,Abnormal
t_scenario_4 0885.jpg,5.593996048,0.430251598,-5.269230843,Abnormal
t_scenario_4 0886.jpg,6.185273647,4.159216881,-4.19276619,Abnormal
t_scenario_4 0887.jpg,7.198613644,-0.088761255,-5.345872879,Abnormal
t_scenario_4 0889.jpg,4.209296227,1.175314307,-5.729950905,Abnormal
t_scenario_4 0895.jpg,5.537483215,2.281384468,-4.061643124,Abnormal
t_scenario_4 0896.jpg,3.946382046,0.511380553,4.72385931,Abnormal
t_scenario_4 0897.jpg,2.643188,-2.091793776,10.82460976,Abnormal
t_scenario_4 0898.jpg,-0.822092712,0.146499485,13.24951744,Abnormal
t_scenario_4 0899.jpg,-1.092260838,-0.179402351,10.06960106,Abnormal
t_scenario_4 0901.jpg,0.965274274,-0.12624979,4.492022514,Abnormal
t_scenario_4 0902.jpg,3.180640697,0.010132313,0.885683775,Abnormal
t_scenario_4 0904.jpg,5.154270172,1.011963844,0.745916247,Abnormal
t_scenario_4 0905.jpg,5.45747757,1.719861507,8.238398552,Abnormal
t_scenario_4 0907.jpg,3.823599577,-1.076975584,1.58370471,Abnormal
t_scenario_4 0908.jpg,3.101142645,-0.438522339,-0.402682543,Abnormal
t_scenario_4 0910.jpg,3.834848404,-0.608550191,0.511849999,Abnormal
t_scenario_4 0911.jpg,2.644322872,0.595615625,0.746111631,Abnormal
t_scenario_4 0912.jpg,4.118267059,0.562000513,-0.777788162,Abnormal
t_scenario_4 0913.jpg,4.260290146,-1.933526754,-3.426413536,Abnormal
t_scenario_4 0914.jpg,4.306501865,-0.619465768,-4.008232117,Abnormal
t_scenario_4 0916.jpg,2.441351652,-1.413523078,-3.870609045,Abnormal
t_scenario_4 0917.jpg,2.31512928,-1.571321249,-3.517232418,Abnormal
t_scenario_4 0918.jpg,1.934706092,-1.988275528,-3.758215666,Abnormal
t_scenario_4 0919.jpg,2.453705788,-1.604129076,-4.263371944,Abnormal
t_scenario_4 0920.jpg,1.91968751,-2.520759106,-3.121414185,Abnormal
t_scenario_4 0921.jpg,1.488335013,-0.783689141,-3.023969173,Abnormal
